Iteration,TestRelease,Classifier,FS,Balancing,TrainSize,TestSize,BuggyTrain,BuggyTest,Precision,Recall,F1,AUC,Kappa
1,0_9_7,RandomForest,None,None,720,718,96,104,0.7500,0.1442,0.2419,0.8186,0.2048
1,0_9_7,RandomForest,None,Undersampling,720,718,96,104,0.4143,0.5577,0.4754,0.8050,0.3708
1,0_9_7,RandomForest,None,Oversampling,720,718,96,104,0.8000,0.2308,0.3582,0.7902,0.3137
1,0_9_7,RandomForest,None,SMOTE,720,718,96,104,0.8621,0.2404,0.3759,0.8440,0.3339
1,0_9_7,RandomForest,CFS,None,720,718,96,104,0.7826,0.1731,0.2835,0.7842,0.2438
1,0_9_7,RandomForest,CFS,Undersampling,720,718,96,104,0.1364,0.7212,0.2294,0.5095,-0.0189
1,0_9_7,RandomForest,CFS,Oversampling,720,718,96,104,0.5082,0.2981,0.3758,0.6871,0.3009
1,0_9_7,RandomForest,CFS,SMOTE,720,718,96,104,0.8000,0.0769,0.1404,0.7740,0.1179
1,0_9_7,NaiveBayes,None,None,720,718,96,104,0.4588,0.3750,0.4127,0.7545,0.3247
1,0_9_7,NaiveBayes,None,Undersampling,720,718,96,104,0.3929,0.4231,0.4074,0.7539,0.3027
1,0_9_7,NaiveBayes,None,Oversampling,720,718,96,104,0.4343,0.4135,0.4236,0.7573,0.3288
1,0_9_7,NaiveBayes,None,SMOTE,720,718,96,104,0.4318,0.3654,0.3958,0.7526,0.3033
1,0_9_7,NaiveBayes,CFS,None,720,718,96,104,0.5667,0.3269,0.4146,0.7657,0.3452
1,0_9_7,NaiveBayes,CFS,Undersampling,720,718,96,104,0.5902,0.3462,0.4364,0.7583,0.3688
1,0_9_7,NaiveBayes,CFS,Oversampling,720,718,96,104,0.5286,0.3558,0.4253,0.7394,0.3495
1,0_9_7,NaiveBayes,CFS,SMOTE,720,718,96,104,0.5147,0.3365,0.4070,0.7621,0.3303
1,0_9_7,IBk,None,None,720,718,96,104,0.3594,0.4423,0.3966,0.6631,0.2818
1,0_9_7,IBk,None,Undersampling,720,718,96,104,0.1592,0.6827,0.2582,0.5360,0.0304
1,0_9_7,IBk,None,Oversampling,720,718,96,104,0.1922,0.5192,0.2805,0.5550,0.0876
1,0_9_7,IBk,None,SMOTE,720,718,96,104,0.3288,0.4615,0.3840,0.6594,0.2586
1,0_9_7,IBk,CFS,None,720,718,96,104,0.5313,0.3269,0.4048,0.6390,0.3309
1,0_9_7,IBk,CFS,Undersampling,720,718,96,104,0.1567,0.6827,0.2549,0.5303,0.0253
1,0_9_7,IBk,CFS,Oversampling,720,718,96,104,0.2394,0.4327,0.3082,0.5654,0.1496
1,0_9_7,IBk,CFS,SMOTE,720,718,96,104,0.4805,0.3558,0.4088,0.6453,0.3257
2,1_0_0,RandomForest,None,None,1438,746,200,116,0.8028,0.4914,0.6096,0.8709,0.5574
2,1_0_0,RandomForest,None,Undersampling,1438,746,200,116,0.4181,0.8362,0.5575,0.8684,0.4417
2,1_0_0,RandomForest,None,Oversampling,1438,746,200,116,0.5920,0.6379,0.6141,0.8749,0.5399
2,1_0_0,RandomForest,None,SMOTE,1438,746,200,116,0.7176,0.5259,0.6070,0.8758,0.5474
2,1_0_0,RandomForest,CFS,None,1438,746,200,116,0.7692,0.5172,0.6186,0.8750,0.5640
2,1_0_0,RandomForest,CFS,Undersampling,1438,746,200,116,0.3009,0.8534,0.4449,0.8513,0.2792
2,1_0_0,RandomForest,CFS,Oversampling,1438,746,200,116,0.5594,0.6897,0.6178,0.8550,0.5385
2,1_0_0,RandomForest,CFS,SMOTE,1438,746,200,116,0.7033,0.5517,0.6184,0.8701,0.5579
2,1_0_0,NaiveBayes,None,None,1438,746,200,116,0.5375,0.3707,0.4388,0.8148,0.3572
2,1_0_0,NaiveBayes,None,Undersampling,1438,746,200,116,0.4906,0.4483,0.4685,0.8076,0.3758
2,1_0_0,NaiveBayes,None,Oversampling,1438,746,200,116,0.5595,0.4052,0.4700,0.8133,0.3904
2,1_0_0,NaiveBayes,None,SMOTE,1438,746,200,116,0.5385,0.3621,0.4330,0.8111,0.3520
2,1_0_0,NaiveBayes,CFS,None,1438,746,200,116,0.5783,0.4138,0.4824,0.8345,0.4053
2,1_0_0,NaiveBayes,CFS,Undersampling,1438,746,200,116,0.5185,0.4828,0.5000,0.8248,0.4118
2,1_0_0,NaiveBayes,CFS,Oversampling,1438,746,200,116,0.5652,0.4483,0.5000,0.8274,0.4203
2,1_0_0,NaiveBayes,CFS,SMOTE,1438,746,200,116,0.5568,0.4224,0.4804,0.8332,0.3999
2,1_0_0,IBk,None,None,1438,746,200,116,0.7209,0.2672,0.3899,0.6241,0.3339
2,1_0_0,IBk,None,Undersampling,1438,746,200,116,0.5397,0.2931,0.3799,0.6235,0.3037
2,1_0_0,IBk,None,Oversampling,1438,746,200,116,0.3727,0.3534,0.3628,0.5933,0.2492
2,1_0_0,IBk,None,SMOTE,1438,746,200,116,0.5147,0.3017,0.3804,0.6247,0.3000
2,1_0_0,IBk,CFS,None,1438,746,200,116,0.7451,0.3276,0.4551,0.6535,0.3979
2,1_0_0,IBk,CFS,Undersampling,1438,746,200,116,0.5229,0.4914,0.5067,0.7044,0.4192
2,1_0_0,IBk,CFS,Oversampling,1438,746,200,116,0.6780,0.3448,0.4571,0.6447,0.3936
2,1_0_0,IBk,CFS,SMOTE,1438,746,200,116,0.7069,0.3534,0.4713,0.6632,0.4101
3,1_0_1,RandomForest,None,None,2184,747,316,103,0.8302,0.8544,0.8421,0.9767,0.8164
3,1_0_1,RandomForest,None,Undersampling,2184,747,316,103,0.5103,0.9612,0.6667,0.9561,0.5934
3,1_0_1,RandomForest,None,Oversampling,2184,747,316,103,0.6889,0.9029,0.7815,0.9657,0.7410
3,1_0_1,RandomForest,None,SMOTE,2184,747,316,103,0.8131,0.8447,0.8286,0.9764,0.8005
3,1_0_1,RandomForest,CFS,None,2184,747,316,103,0.8416,0.8252,0.8333,0.9741,0.8070
3,1_0_1,RandomForest,CFS,Undersampling,2184,747,316,103,0.4641,0.9417,0.6218,0.9459,0.5361
3,1_0_1,RandomForest,CFS,Oversampling,2184,747,316,103,0.6812,0.9126,0.7801,0.9701,0.7388
3,1_0_1,RandomForest,CFS,SMOTE,2184,747,316,103,0.8208,0.8447,0.8325,0.9764,0.8053
3,1_0_1,NaiveBayes,None,None,2184,747,316,103,0.5349,0.4466,0.4868,0.8174,0.4131
3,1_0_1,NaiveBayes,None,Undersampling,2184,747,316,103,0.4867,0.5340,0.5093,0.8182,0.4265
3,1_0_1,NaiveBayes,None,Oversampling,2184,747,316,103,0.5109,0.4563,0.4821,0.8210,0.4046
3,1_0_1,NaiveBayes,None,SMOTE,2184,747,316,103,0.5165,0.4563,0.4845,0.8158,0.4080
3,1_0_1,NaiveBayes,CFS,None,2184,747,316,103,0.5517,0.4660,0.5053,0.8231,0.4338
3,1_0_1,NaiveBayes,CFS,Undersampling,2184,747,316,103,0.4900,0.4757,0.4828,0.8205,0.4014
3,1_0_1,NaiveBayes,CFS,Oversampling,2184,747,316,103,0.4804,0.4757,0.4780,0.8214,0.3950
3,1_0_1,NaiveBayes,CFS,SMOTE,2184,747,316,103,0.5161,0.4660,0.4898,0.8223,0.4130
3,1_0_1,IBk,None,None,2184,747,316,103,0.7213,0.8544,0.7822,0.9046,0.7439
3,1_0_1,IBk,None,Undersampling,2184,747,316,103,0.3598,0.9223,0.5177,0.8301,0.3984
3,1_0_1,IBk,None,Oversampling,2184,747,316,103,0.5287,0.8932,0.6643,0.9018,0.5939
3,1_0_1,IBk,None,SMOTE,2184,747,316,103,0.7040,0.8544,0.7719,0.9023,0.7313
3,1_0_1,IBk,CFS,None,2184,747,316,103,0.6303,0.7282,0.6757,0.8369,0.6194
3,1_0_1,IBk,CFS,Undersampling,2184,747,316,103,0.3494,0.9126,0.5054,0.8204,0.3822
3,1_0_1,IBk,CFS,Oversampling,2184,747,316,103,0.4852,0.7961,0.6029,0.8432,0.5208
3,1_0_1,IBk,CFS,SMOTE,2184,747,316,103,0.6240,0.7573,0.6842,0.8484,0.6280
4,1_0_2,RandomForest,None,None,2931,749,419,97,0.7619,0.8247,0.7921,0.9433,0.7597
4,1_0_2,RandomForest,None,Undersampling,2931,749,419,97,0.4944,0.9072,0.6400,0.9502,0.5675
4,1_0_2,RandomForest,None,Oversampling,2931,749,419,97,0.6364,0.8660,0.7336,0.9379,0.6869
4,1_0_2,RandomForest,None,SMOTE,2931,749,419,97,0.7477,0.8247,0.7843,0.9388,0.7504
4,1_0_2,RandomForest,CFS,None,2931,749,419,97,0.7524,0.8144,0.7822,0.9479,0.7483
4,1_0_2,RandomForest,CFS,Undersampling,2931,749,419,97,0.4759,0.9175,0.6268,0.9387,0.5500
4,1_0_2,RandomForest,CFS,Oversampling,2931,749,419,97,0.5931,0.8866,0.7107,0.9412,0.6576
4,1_0_2,RandomForest,CFS,SMOTE,2931,749,419,97,0.7453,0.8144,0.7783,0.9431,0.7437
4,1_0_2,NaiveBayes,None,None,2931,749,419,97,0.5349,0.4742,0.5027,0.8117,0.4338
4,1_0_2,NaiveBayes,None,Undersampling,2931,749,419,97,0.5054,0.4845,0.4947,0.8108,0.4214
4,1_0_2,NaiveBayes,None,Oversampling,2931,749,419,97,0.4694,0.4742,0.4718,0.8126,0.3927
4,1_0_2,NaiveBayes,None,SMOTE,2931,749,419,97,0.5055,0.4742,0.4894,0.8081,0.4162
4,1_0_2,NaiveBayes,CFS,None,2931,749,419,97,0.5488,0.4639,0.5028,0.8246,0.4359
4,1_0_2,NaiveBayes,CFS,Undersampling,2931,749,419,97,0.4948,0.4948,0.4948,0.8240,0.4197
4,1_0_2,NaiveBayes,CFS,Oversampling,2931,749,419,97,0.5161,0.4948,0.5053,0.8243,0.4334
4,1_0_2,NaiveBayes,CFS,SMOTE,2931,749,419,97,0.5000,0.4742,0.4868,0.8236,0.4127
4,1_0_2,IBk,None,None,2931,749,419,97,0.7308,0.7835,0.7562,0.9105,0.7185
4,1_0_2,IBk,None,Undersampling,2931,749,419,97,0.4048,0.8763,0.5537,0.8178,0.4577
4,1_0_2,IBk,None,Oversampling,2931,749,419,97,0.6029,0.8454,0.7039,0.8978,0.6511
4,1_0_2,IBk,None,SMOTE,2931,749,419,97,0.7308,0.7835,0.7562,0.9105,0.7185
4,1_0_2,IBk,CFS,None,2931,749,419,97,0.7400,0.7629,0.7513,0.9077,0.7136
4,1_0_2,IBk,CFS,Undersampling,2931,749,419,97,0.3864,0.8763,0.5363,0.8262,0.4347
4,1_0_2,IBk,CFS,Oversampling,2931,749,419,97,0.5524,0.8144,0.6583,0.8660,0.5960
4,1_0_2,IBk,CFS,SMOTE,2931,749,419,97,0.7282,0.7732,0.7500,0.9084,0.7115
5,1_1_0,RandomForest,None,None,3680,771,516,202,0.8182,0.3564,0.4966,0.8608,0.4014
5,1_1_0,RandomForest,None,Undersampling,3680,771,516,202,0.6158,0.6188,0.6173,0.8507,0.4810
5,1_1_0,RandomForest,None,Oversampling,3680,771,516,202,0.7323,0.4604,0.5653,0.8531,0.4551
5,1_1_0,RandomForest,None,SMOTE,3680,771,516,202,0.7979,0.3713,0.5068,0.8684,0.4083
5,1_1_0,RandomForest,CFS,None,3680,771,516,202,0.7978,0.3515,0.4880,0.8400,0.3903
5,1_1_0,RandomForest,CFS,Undersampling,3680,771,516,202,0.6263,0.5891,0.6071,0.8151,0.4734
5,1_1_0,RandomForest,CFS,Oversampling,3680,771,516,202,0.7097,0.4356,0.5399,0.8392,0.4253
5,1_1_0,RandomForest,CFS,SMOTE,3680,771,516,202,0.7800,0.3861,0.5166,0.8426,0.4151
5,1_1_0,NaiveBayes,None,None,3680,771,516,202,0.7115,0.3663,0.4837,0.7672,0.3718
5,1_1_0,NaiveBayes,None,Undersampling,3680,771,516,202,0.6783,0.3861,0.4921,0.7731,0.3729
5,1_1_0,NaiveBayes,None,Oversampling,3680,771,516,202,0.6972,0.3762,0.4887,0.7738,0.3737
5,1_1_0,NaiveBayes,None,SMOTE,3680,771,516,202,0.7009,0.3713,0.4854,0.7674,0.3714
5,1_1_0,NaiveBayes,CFS,None,3680,771,516,202,0.6742,0.2970,0.4124,0.7534,0.3002
5,1_1_0,NaiveBayes,CFS,Undersampling,3680,771,516,202,0.6214,0.3168,0.4197,0.7519,0.2949
5,1_1_0,NaiveBayes,CFS,Oversampling,3680,771,516,202,0.6593,0.2970,0.4096,0.7523,0.2948
5,1_1_0,NaiveBayes,CFS,SMOTE,3680,771,516,202,0.6344,0.2921,0.4000,0.7542,0.2813
5,1_1_0,IBk,None,None,3680,771,516,202,0.8511,0.3960,0.5405,0.8180,0.4488
5,1_1_0,IBk,None,Undersampling,3680,771,516,202,0.5556,0.5446,0.5500,0.7076,0.3924
5,1_1_0,IBk,None,Oversampling,3680,771,516,202,0.6767,0.4455,0.5373,0.7147,0.4158
5,1_1_0,IBk,None,SMOTE,3680,771,516,202,0.8384,0.4109,0.5515,0.8182,0.4581
5,1_1_0,IBk,CFS,None,3680,771,516,202,0.8750,0.3812,0.5310,0.8246,0.4424
5,1_1_0,IBk,CFS,Undersampling,3680,771,516,202,0.5249,0.5743,0.5485,0.6954,0.3782
5,1_1_0,IBk,CFS,Oversampling,3680,771,516,202,0.7244,0.4554,0.5593,0.7300,0.4475
5,1_1_0,IBk,CFS,SMOTE,3680,771,516,202,0.8617,0.4010,0.5473,0.8261,0.4569
6,1_0_3,RandomForest,None,None,4451,749,718,134,0.6915,0.4851,0.5702,0.9007,0.4958
6,1_0_3,RandomForest,None,Undersampling,4451,749,718,134,0.5279,0.7761,0.6284,0.8835,0.5279
6,1_0_3,RandomForest,None,Oversampling,4451,749,718,134,0.6510,0.7239,0.6855,0.9050,0.6125
6,1_0_3,RandomForest,None,SMOTE,4451,749,718,134,0.6939,0.5075,0.5862,0.9063,0.5125
6,1_0_3,RandomForest,CFS,None,4451,749,718,134,0.7053,0.5000,0.5852,0.9099,0.5128
6,1_0_3,RandomForest,CFS,Undersampling,4451,749,718,134,0.5427,0.8060,0.6486,0.9036,0.5531
6,1_0_3,RandomForest,CFS,Oversampling,4451,749,718,134,0.6291,0.7090,0.6667,0.8870,0.5887
6,1_0_3,RandomForest,CFS,SMOTE,4451,749,718,134,0.6869,0.5075,0.5837,0.9130,0.5091
6,1_0_3,NaiveBayes,None,None,4451,749,718,134,0.5412,0.3433,0.4201,0.7611,0.3266
6,1_0_3,NaiveBayes,None,Undersampling,4451,749,718,134,0.4948,0.3582,0.4156,0.7592,0.3123
6,1_0_3,NaiveBayes,None,Oversampling,4451,749,718,134,0.5165,0.3507,0.4178,0.7619,0.3193
6,1_0_3,NaiveBayes,None,SMOTE,4451,749,718,134,0.5393,0.3582,0.4305,0.7579,0.3356
6,1_0_3,NaiveBayes,CFS,None,4451,749,718,134,0.4900,0.3657,0.4188,0.7515,0.3139
6,1_0_3,NaiveBayes,CFS,Undersampling,4451,749,718,134,0.4948,0.3582,0.4156,0.7520,0.3123
6,1_0_3,NaiveBayes,CFS,Oversampling,4451,749,718,134,0.4900,0.3657,0.4188,0.7482,0.3139
6,1_0_3,NaiveBayes,CFS,SMOTE,4451,749,718,134,0.4712,0.3657,0.4118,0.7537,0.3027
6,1_0_3,IBk,None,None,4451,749,718,134,0.6700,0.5000,0.5726,0.8771,0.4955
6,1_0_3,IBk,None,Undersampling,4451,749,718,134,0.4676,0.7537,0.5771,0.7909,0.4573
6,1_0_3,IBk,None,Oversampling,4451,749,718,134,0.5926,0.7164,0.6486,0.8567,0.5631
6,1_0_3,IBk,None,SMOTE,4451,749,718,134,0.6700,0.5000,0.5726,0.8769,0.4955
6,1_0_3,IBk,CFS,None,4451,749,718,134,0.6700,0.5000,0.5726,0.8767,0.4955
6,1_0_3,IBk,CFS,Undersampling,4451,749,718,134,0.4527,0.8209,0.5836,0.8074,0.4587
6,1_0_3,IBk,CFS,Oversampling,4451,749,718,134,0.5987,0.6791,0.6364,0.8202,0.5510
6,1_0_3,IBk,CFS,SMOTE,4451,749,718,134,0.6700,0.5000,0.5726,0.8768,0.4955
7,1_2_0,RandomForest,None,None,5200,777,852,180,0.8671,0.7611,0.8107,0.9525,0.7583
7,1_2_0,RandomForest,None,Undersampling,5200,777,852,180,0.7056,0.9056,0.7932,0.9473,0.7204
7,1_2_0,RandomForest,None,Oversampling,5200,777,852,180,0.7850,0.8722,0.8263,0.9561,0.7703
7,1_2_0,RandomForest,None,SMOTE,5200,777,852,180,0.8462,0.7944,0.8195,0.9535,0.7673
7,1_2_0,RandomForest,CFS,None,5200,777,852,180,0.8726,0.7611,0.8131,0.9447,0.7616
7,1_2_0,RandomForest,CFS,Undersampling,5200,777,852,180,0.6640,0.9333,0.7760,0.9449,0.6928
7,1_2_0,RandomForest,CFS,Oversampling,5200,777,852,180,0.7828,0.8611,0.8201,0.9485,0.7625
7,1_2_0,RandomForest,CFS,SMOTE,5200,777,852,180,0.8606,0.7889,0.8232,0.9383,0.7729
7,1_2_0,NaiveBayes,None,None,5200,777,852,180,0.6818,0.4167,0.5172,0.8092,0.4143
7,1_2_0,NaiveBayes,None,Undersampling,5200,777,852,180,0.6964,0.4333,0.5342,0.8164,0.4336
7,1_2_0,NaiveBayes,None,Oversampling,5200,777,852,180,0.6818,0.4167,0.5172,0.8075,0.4143
7,1_2_0,NaiveBayes,None,SMOTE,5200,777,852,180,0.6637,0.4167,0.5119,0.8064,0.4058
7,1_2_0,NaiveBayes,CFS,None,5200,777,852,180,0.5825,0.3333,0.4240,0.7468,0.3072
7,1_2_0,NaiveBayes,CFS,Undersampling,5200,777,852,180,0.5810,0.3389,0.4281,0.7402,0.3103
7,1_2_0,NaiveBayes,CFS,Oversampling,5200,777,852,180,0.5741,0.3444,0.4306,0.7486,0.3108
7,1_2_0,NaiveBayes,CFS,SMOTE,5200,777,852,180,0.5514,0.3278,0.4111,0.7499,0.2882
7,1_2_0,IBk,None,None,5200,777,852,180,0.8409,0.8222,0.8315,0.9281,0.7814
7,1_2_0,IBk,None,Undersampling,5200,777,852,180,0.6298,0.9167,0.7466,0.8831,0.6507
7,1_2_0,IBk,None,Oversampling,5200,777,852,180,0.7633,0.8778,0.8165,0.9121,0.7561
7,1_2_0,IBk,None,SMOTE,5200,777,852,180,0.8427,0.8333,0.8380,0.9295,0.7895
7,1_2_0,IBk,CFS,None,5200,777,852,180,0.8315,0.8222,0.8268,0.9216,0.7750
7,1_2_0,IBk,CFS,Undersampling,5200,777,852,180,0.6326,0.9278,0.7523,0.8877,0.6580
7,1_2_0,IBk,CFS,Oversampling,5200,777,852,180,0.7324,0.8667,0.7939,0.9117,0.7248
7,1_2_0,IBk,CFS,SMOTE,5200,777,852,180,0.8343,0.8389,0.8366,0.9230,0.7871
8,2_0_0_M1,RandomForest,None,None,5977,875,1032,270,0.8188,0.4185,0.5539,0.9040,0.4362
8,2_0_0_M1,RandomForest,None,Undersampling,5977,875,1032,270,0.6519,0.7074,0.6785,0.8686,0.5264
8,2_0_0_M1,RandomForest,None,Oversampling,5977,875,1032,270,0.7246,0.6333,0.6759,0.8943,0.5449
8,2_0_0_M1,RandomForest,None,SMOTE,5977,875,1032,270,0.7853,0.4741,0.5912,0.9053,0.4675
8,2_0_0_M1,RandomForest,CFS,None,5977,875,1032,270,0.7984,0.3667,0.5025,0.8959,0.3826
8,2_0_0_M1,RandomForest,CFS,Undersampling,5977,875,1032,270,0.6496,0.6593,0.6544,0.8539,0.4985
8,2_0_0_M1,RandomForest,CFS,Oversampling,5977,875,1032,270,0.7343,0.5630,0.6373,0.8856,0.5047
8,2_0_0_M1,RandomForest,CFS,SMOTE,5977,875,1032,270,0.7733,0.4296,0.5524,0.8854,0.4258
8,2_0_0_M1,NaiveBayes,None,None,5977,875,1032,270,0.6105,0.2148,0.3178,0.6339,0.1873
8,2_0_0_M1,NaiveBayes,None,Undersampling,5977,875,1032,270,0.6224,0.2259,0.3315,0.6366,0.2001
8,2_0_0_M1,NaiveBayes,None,Oversampling,5977,875,1032,270,0.6146,0.2185,0.3224,0.6329,0.1915
8,2_0_0_M1,NaiveBayes,None,SMOTE,5977,875,1032,270,0.5842,0.2185,0.3181,0.6298,0.1804
8,2_0_0_M1,NaiveBayes,CFS,None,5977,875,1032,270,0.5960,0.2185,0.3198,0.6160,0.1848
8,2_0_0_M1,NaiveBayes,CFS,Undersampling,5977,875,1032,270,0.5784,0.2185,0.3172,0.6189,0.1781
8,2_0_0_M1,NaiveBayes,CFS,Oversampling,5977,875,1032,270,0.5833,0.2333,0.3333,0.6167,0.1906
8,2_0_0_M1,NaiveBayes,CFS,SMOTE,5977,875,1032,270,0.5882,0.2222,0.3226,0.6158,0.1846
8,2_0_0_M1,IBk,None,None,5977,875,1032,270,0.7756,0.5889,0.6695,0.8640,0.5495
8,2_0_0_M1,IBk,None,Undersampling,5977,875,1032,270,0.6372,0.7741,0.6990,0.8112,0.5450
8,2_0_0_M1,IBk,None,Oversampling,5977,875,1032,270,0.7356,0.7111,0.7232,0.8330,0.6026
8,2_0_0_M1,IBk,None,SMOTE,5977,875,1032,270,0.7713,0.6370,0.6978,0.8761,0.5807
8,2_0_0_M1,IBk,CFS,None,5977,875,1032,270,0.7792,0.4444,0.5660,0.8447,0.4407
8,2_0_0_M1,IBk,CFS,Undersampling,5977,875,1032,270,0.6250,0.5926,0.6084,0.7688,0.4402
8,2_0_0_M1,IBk,CFS,Oversampling,5977,875,1032,270,0.7304,0.5519,0.6287,0.8236,0.4944
8,2_0_0_M1,IBk,CFS,SMOTE,5977,875,1032,270,0.7571,0.4963,0.5996,0.8531,0.4700
9,1_2_1,RandomForest,None,None,6852,777,1302,193,0.8431,0.4456,0.5831,0.9173,0.4966
9,1_2_1,RandomForest,None,Undersampling,6852,777,1302,193,0.6968,0.7979,0.7440,0.9059,0.6516
9,1_2_1,RandomForest,None,Oversampling,6852,777,1302,193,0.8192,0.7513,0.7838,0.9288,0.7164
9,1_2_1,RandomForest,None,SMOTE,6852,777,1302,193,0.8571,0.5907,0.6994,0.9307,0.6230
9,1_2_1,RandomForest,CFS,None,6852,777,1302,193,0.7317,0.3109,0.4364,0.7999,0.3384
9,1_2_1,RandomForest,CFS,Undersampling,6852,777,1302,193,0.4959,0.6218,0.5517,0.7824,0.3805
9,1_2_1,RandomForest,CFS,Oversampling,6852,777,1302,193,0.6400,0.4145,0.5031,0.8049,0.3826
9,1_2_1,RandomForest,CFS,SMOTE,6852,777,1302,193,0.6667,0.2798,0.3942,0.8036,0.2899
9,1_2_1,NaiveBayes,None,None,6852,777,1302,193,0.4568,0.5751,0.5092,0.7222,0.3212
9,1_2_1,NaiveBayes,None,Undersampling,6852,777,1302,193,0.4317,0.6218,0.5096,0.7199,0.3061
9,1_2_1,NaiveBayes,None,Oversampling,6852,777,1302,193,0.4432,0.6062,0.5120,0.7197,0.3156
9,1_2_1,NaiveBayes,None,SMOTE,6852,777,1302,193,0.4549,0.5751,0.5080,0.7224,0.3192
9,1_2_1,NaiveBayes,CFS,None,6852,777,1302,193,0.4932,0.3782,0.4282,0.7417,0.2710
9,1_2_1,NaiveBayes,CFS,Undersampling,6852,777,1302,193,0.4932,0.3782,0.4282,0.7410,0.2710
9,1_2_1,NaiveBayes,CFS,Oversampling,6852,777,1302,193,0.5000,0.3627,0.4204,0.7415,0.2674
9,1_2_1,NaiveBayes,CFS,SMOTE,6852,777,1302,193,0.4966,0.3834,0.4327,0.7449,0.2761
9,1_2_1,IBk,None,None,6852,777,1302,193,0.5000,0.2228,0.3082,0.5906,0.1832
9,1_2_1,IBk,None,Undersampling,6852,777,1302,193,0.3951,0.4197,0.4070,0.6056,0.2031
9,1_2_1,IBk,None,Oversampling,6852,777,1302,193,0.4610,0.3368,0.3892,0.6092,0.2271
9,1_2_1,IBk,None,SMOTE,6852,777,1302,193,0.4889,0.2280,0.3110,0.5905,0.1817
9,1_2_1,IBk,CFS,None,6852,777,1302,193,0.5897,0.2383,0.3395,0.6042,0.2293
9,1_2_1,IBk,CFS,Undersampling,6852,777,1302,193,0.3864,0.4404,0.4116,0.6021,0.1999
9,1_2_1,IBk,CFS,Oversampling,6852,777,1302,193,0.4476,0.3316,0.3810,0.5661,0.2150
9,1_2_1,IBk,CFS,SMOTE,6852,777,1302,193,0.5909,0.2694,0.3701,0.6157,0.2541
10,2_0_0_M2,RandomForest,None,None,7629,925,1495,126,0.5000,0.7460,0.5987,0.9033,0.5205
10,2_0_0_M2,RandomForest,None,Undersampling,7629,925,1495,126,0.2967,0.9206,0.4487,0.8922,0.3057
10,2_0_0_M2,RandomForest,None,Oversampling,7629,925,1495,126,0.4208,0.8651,0.5662,0.9099,0.4689
10,2_0_0_M2,RandomForest,None,SMOTE,7629,925,1495,126,0.3782,0.8254,0.5187,0.8919,0.4081
10,2_0_0_M2,RandomForest,CFS,None,7629,925,1495,126,0.5921,0.7143,0.6475,0.9026,0.5858
10,2_0_0_M2,RandomForest,CFS,Undersampling,7629,925,1495,126,0.2955,0.9286,0.4483,0.8636,0.3045
10,2_0_0_M2,RandomForest,CFS,Oversampling,7629,925,1495,126,0.3818,0.8333,0.5237,0.9049,0.4143
10,2_0_0_M2,RandomForest,CFS,SMOTE,7629,925,1495,126,0.4135,0.7778,0.5399,0.9005,0.4404
10,2_0_0_M2,NaiveBayes,None,None,7629,925,1495,126,0.3944,0.4444,0.4179,0.7883,0.3197
10,2_0_0_M2,NaiveBayes,None,Undersampling,7629,925,1495,126,0.3893,0.4603,0.4218,0.7906,0.3217
10,2_0_0_M2,NaiveBayes,None,Oversampling,7629,925,1495,126,0.3862,0.4444,0.4133,0.7896,0.3132
10,2_0_0_M2,NaiveBayes,None,SMOTE,7629,925,1495,126,0.3931,0.4524,0.4207,0.7886,0.3218
10,2_0_0_M2,NaiveBayes,CFS,None,7629,925,1495,126,0.3759,0.4206,0.3970,0.7803,0.2957
10,2_0_0_M2,NaiveBayes,CFS,Undersampling,7629,925,1495,126,0.3784,0.4444,0.4088,0.7834,0.3067
10,2_0_0_M2,NaiveBayes,CFS,Oversampling,7629,925,1495,126,0.3709,0.4444,0.4043,0.7824,0.3004
10,2_0_0_M2,NaiveBayes,CFS,SMOTE,7629,925,1495,126,0.3776,0.4286,0.4015,0.7791,0.3001
10,2_0_0_M2,IBk,None,None,7629,925,1495,126,0.4327,0.7143,0.5389,0.8162,0.4447
10,2_0_0_M2,IBk,None,Undersampling,7629,925,1495,126,0.3096,0.8968,0.4603,0.7835,0.3232
10,2_0_0_M2,IBk,None,Oversampling,7629,925,1495,126,0.3898,0.7857,0.5211,0.8216,0.4144
10,2_0_0_M2,IBk,None,SMOTE,7629,925,1495,126,0.4147,0.7143,0.5248,0.8101,0.4258
10,2_0_0_M2,IBk,CFS,None,7629,925,1495,126,0.4381,0.7302,0.5476,0.8276,0.4548
10,2_0_0_M2,IBk,CFS,Undersampling,7629,925,1495,126,0.3469,0.8810,0.4978,0.7976,0.3757
10,2_0_0_M2,IBk,CFS,Oversampling,7629,925,1495,126,0.3939,0.8254,0.5333,0.8304,0.4278
10,2_0_0_M2,IBk,CFS,SMOTE,7629,925,1495,126,0.4215,0.7460,0.5387,0.8274,0.4415
11,2_0_0_M3,RandomForest,None,None,8554,959,1621,152,0.4749,0.5592,0.5136,0.8441,0.4130
11,2_0_0_M3,RandomForest,None,Undersampling,8554,959,1621,152,0.3729,0.7434,0.4967,0.8388,0.3620
11,2_0_0_M3,RandomForest,None,Oversampling,8554,959,1621,152,0.4183,0.6908,0.5211,0.8418,0.4033
11,2_0_0_M3,RandomForest,None,SMOTE,8554,959,1621,152,0.4483,0.5987,0.5127,0.8533,0.4048
11,2_0_0_M3,RandomForest,CFS,None,8554,959,1621,152,0.5179,0.5724,0.5438,0.8608,0.4527
11,2_0_0_M3,RandomForest,CFS,Undersampling,8554,959,1621,152,0.3980,0.7829,0.5277,0.8590,0.4021
11,2_0_0_M3,RandomForest,CFS,Oversampling,8554,959,1621,152,0.5118,0.7105,0.5950,0.8664,0.5036
11,2_0_0_M3,RandomForest,CFS,SMOTE,8554,959,1621,152,0.4776,0.6316,0.5439,0.8605,0.4435
11,2_0_0_M3,NaiveBayes,None,None,8554,959,1621,152,0.5763,0.4474,0.5037,0.8016,0.4239
11,2_0_0_M3,NaiveBayes,None,Undersampling,8554,959,1621,152,0.5847,0.4539,0.5111,0.8023,0.4325
11,2_0_0_M3,NaiveBayes,None,Oversampling,8554,959,1621,152,0.5763,0.4474,0.5037,0.8034,0.4239
11,2_0_0_M3,NaiveBayes,None,SMOTE,8554,959,1621,152,0.5667,0.4474,0.5000,0.8009,0.4187
11,2_0_0_M3,NaiveBayes,CFS,None,8554,959,1621,152,0.5932,0.4605,0.5185,0.8062,0.4411
11,2_0_0_M3,NaiveBayes,CFS,Undersampling,8554,959,1621,152,0.5691,0.4605,0.5091,0.8045,0.4280
11,2_0_0_M3,NaiveBayes,CFS,Oversampling,8554,959,1621,152,0.5738,0.4605,0.5109,0.8043,0.4306
11,2_0_0_M3,NaiveBayes,CFS,SMOTE,8554,959,1621,152,0.5512,0.4605,0.5018,0.8031,0.4178
11,2_0_0_M3,IBk,None,None,8554,959,1621,152,0.3801,0.5526,0.4504,0.7878,0.3233
11,2_0_0_M3,IBk,None,Undersampling,8554,959,1621,152,0.3408,0.6974,0.4579,0.7498,0.3112
11,2_0_0_M3,IBk,None,Oversampling,8554,959,1621,152,0.3516,0.6316,0.4518,0.7804,0.3116
11,2_0_0_M3,IBk,None,SMOTE,8554,959,1621,152,0.3663,0.5855,0.4506,0.7842,0.3175
11,2_0_0_M3,IBk,CFS,None,8554,959,1621,152,0.4206,0.6447,0.5091,0.8080,0.3926
11,2_0_0_M3,IBk,CFS,Undersampling,8554,959,1621,152,0.3510,0.7829,0.4847,0.7634,0.3404
11,2_0_0_M3,IBk,CFS,Oversampling,8554,959,1621,152,0.3810,0.6842,0.4894,0.7904,0.3589
11,2_0_0_M3,IBk,CFS,SMOTE,8554,959,1621,152,0.4064,0.6711,0.5062,0.8066,0.3847
12,1_2_2,RandomForest,None,None,9513,777,1773,141,0.6777,0.5816,0.6260,0.8256,0.5506
12,1_2_2,RandomForest,None,Undersampling,9513,777,1773,141,0.4615,0.7234,0.5635,0.8481,0.4393
12,1_2_2,RandomForest,None,Oversampling,9513,777,1773,141,0.5363,0.6809,0.6000,0.8514,0.4981
12,1_2_2,RandomForest,None,SMOTE,9513,777,1773,141,0.6071,0.6028,0.6050,0.8177,0.5178
12,1_2_2,RandomForest,CFS,None,9513,777,1773,141,0.6807,0.5745,0.6231,0.8328,0.5480
12,1_2_2,RandomForest,CFS,Undersampling,9513,777,1773,141,0.5155,0.7092,0.5970,0.8474,0.4898
12,1_2_2,RandomForest,CFS,Oversampling,9513,777,1773,141,0.5941,0.7163,0.6495,0.8414,0.5628
12,1_2_2,RandomForest,CFS,SMOTE,9513,777,1773,141,0.6825,0.6099,0.6442,0.8350,0.5707
12,1_2_2,NaiveBayes,None,None,9513,777,1773,141,0.4793,0.4113,0.4427,0.7513,0.3305
12,1_2_2,NaiveBayes,None,Undersampling,9513,777,1773,141,0.4758,0.4184,0.4453,0.7489,0.3318
12,1_2_2,NaiveBayes,None,Oversampling,9513,777,1773,141,0.4878,0.4255,0.4545,0.7539,0.3435
12,1_2_2,NaiveBayes,None,SMOTE,9513,777,1773,141,0.4754,0.4113,0.4411,0.7507,0.3279
12,1_2_2,NaiveBayes,CFS,None,9513,777,1773,141,0.5745,0.3830,0.4596,0.7538,0.3678
12,1_2_2,NaiveBayes,CFS,Undersampling,9513,777,1773,141,0.5729,0.3901,0.4641,0.7515,0.3718
12,1_2_2,NaiveBayes,CFS,Oversampling,9513,777,1773,141,0.5670,0.3901,0.4622,0.7541,0.3688
12,1_2_2,NaiveBayes,CFS,SMOTE,9513,777,1773,141,0.5556,0.3901,0.4583,0.7512,0.3630
12,1_2_2,IBk,None,None,9513,777,1773,141,0.5638,0.5957,0.5793,0.8029,0.4829
12,1_2_2,IBk,None,Undersampling,9513,777,1773,141,0.4219,0.7092,0.5291,0.7591,0.3904
12,1_2_2,IBk,None,Oversampling,9513,777,1773,141,0.4694,0.6525,0.5460,0.7858,0.4245
12,1_2_2,IBk,None,SMOTE,9513,777,1773,141,0.5667,0.6028,0.5842,0.8037,0.4885
12,1_2_2,IBk,CFS,None,9513,777,1773,141,0.5646,0.5887,0.5764,0.8090,0.4801
12,1_2_2,IBk,CFS,Undersampling,9513,777,1773,141,0.4685,0.7376,0.5730,0.7904,0.4512
12,1_2_2,IBk,CFS,Oversampling,9513,777,1773,141,0.5000,0.6454,0.5635,0.8076,0.4512
12,1_2_2,IBk,CFS,SMOTE,9513,777,1773,141,0.5705,0.6028,0.5862,0.8133,0.4914
