TicketKey,AVs
OPENJPA-100,0.9.6
OPENJPA-1001,1.2.1;2.0.0-M2;2.0.0-M3;1.2.2
OPENJPA-1002,1.1.0;1.0.3;1.2.0;2.0.0-M1;1.2.1;2.0.0-M2
OPENJPA-1006,1.2.1
OPENJPA-102,0.9.6
OPENJPA-1020,1.2.1;2.0.0-M2;2.0.0-M3;1.2.2
OPENJPA-1025,1.2.1
OPENJPA-103,0.9.6
OPENJPA-1031,1.2.1
OPENJPA-1039,1.2.1
OPENJPA-104,0.9.6
OPENJPA-1043,1.2.1;2.0.0-M2
OPENJPA-1046,1.2.1;2.0.0-M2;2.0.0-M3
OPENJPA-1049,1.2.1;2.0.0-M2
OPENJPA-1051,1.0.0;1.0.1;1.0.2;1.1.0;1.0.3;1.2.0;2.0.0-M1;1.2.1
OPENJPA-1054,1.2.1
OPENJPA-1061,1.2.0;2.0.0-M1;1.2.1;2.0.0-M2
OPENJPA-1065,2.0.0-M2
OPENJPA-1067,1.0.3;1.2.0;2.0.0-M1;1.2.1
OPENJPA-107,0.9.6
OPENJPA-1070,1.2.1
OPENJPA-1074,2.0.0-M2;2.0.0-M3;1.2.2
OPENJPA-109,0.9.6
OPENJPA-1091,1.2.1;2.0.0-M2;2.0.0-M3;1.2.2
OPENJPA-1097,2.0.0-M1;1.2.1;2.0.0-M2;2.0.0-M3;1.2.2
OPENJPA-1099,1.1.0;1.0.3;1.2.0;2.0.0-M1;1.2.1
OPENJPA-110,0.9.6
OPENJPA-1100,1.2.1;2.0.0-M2
OPENJPA-1116,2.0.0-M2
OPENJPA-112,0.9.6;0.9.7;1.0.0;1.0.1;1.0.2;1.1.0
OPENJPA-1120,1.1.0;1.0.3;1.2.0;2.0.0-M1;1.2.1;2.0.0-M2
OPENJPA-1121,1.2.1;2.0.0-M2;2.0.0-M3;1.2.2
OPENJPA-1127,1.2.1;2.0.0-M2
OPENJPA-113,0.9.6;0.9.7;1.0.0
OPENJPA-1141,1.2.0;2.0.0-M1;1.2.1;2.0.0-M2;2.0.0-M3
OPENJPA-1142,2.0.0-M3;1.2.2
OPENJPA-115,0.9.6
OPENJPA-1159,2.0.0-M2
OPENJPA-116,0.9.6
OPENJPA-1160,1.1.0;1.0.3;1.2.0;2.0.0-M1;1.2.1;2.0.0-M2;2.0.0-M3;1.2.2
OPENJPA-1163,2.0.0-M2
OPENJPA-1165,1.2.1;2.0.0-M2;2.0.0-M3
OPENJPA-1168,2.0.0-M2
OPENJPA-118,0.9.6
OPENJPA-1184,1.2.1;2.0.0-M2
OPENJPA-1185,2.0.0-M3;1.2.2
OPENJPA-119,0.9.6
OPENJPA-1197,1.0.3;1.2.0;2.0.0-M1;1.2.1;2.0.0-M2
OPENJPA-1200,2.0.0-M2
OPENJPA-1201,1.2.0;2.0.0-M1;1.2.1;2.0.0-M2
OPENJPA-1204,2.0.0-M2
OPENJPA-1205,1.2.1;2.0.0-M2;2.0.0-M3;1.2.2
OPENJPA-1206,2.0.0-M2
OPENJPA-121,0.9.6
OPENJPA-1211,2.0.0-M2
OPENJPA-1217,2.0.0-M2
OPENJPA-1218,2.0.0-M1;1.2.1;2.0.0-M2
OPENJPA-122,0.9.6
OPENJPA-1224,1.2.1;2.0.0-M2;2.0.0-M3
OPENJPA-1226,1.1.0;1.0.3;1.2.0;2.0.0-M1;1.2.1;2.0.0-M2;2.0.0-M3;1.2.2
OPENJPA-1227,1.2.1;2.0.0-M2
OPENJPA-123,0.9.6;0.9.7;1.0.0;1.0.1;1.0.2;1.1.0;1.0.3;1.2.0;2.0.0-M1;1.2.1;2.0.0-M2;2.0.0-M3
OPENJPA-1232,2.0.0-M2
OPENJPA-1234,1.2.1;2.0.0-M2;2.0.0-M3;1.2.2
OPENJPA-1242,2.0.0-M2
OPENJPA-1244,1.0.3;1.2.0;2.0.0-M1;1.2.1;2.0.0-M2
OPENJPA-1248,1.1.0;1.0.3;1.2.0;2.0.0-M1;1.2.1;2.0.0-M2;2.0.0-M3;1.2.2
OPENJPA-1250,2.0.0-M2
OPENJPA-1253,2.0.0-M1;1.2.1;2.0.0-M2
OPENJPA-1256,2.0.0-M2
OPENJPA-1263,1.1.0;1.0.3;1.2.0;2.0.0-M1;1.2.1;2.0.0-M2;2.0.0-M3
OPENJPA-1269,2.0.0-M2
OPENJPA-1279,2.0.0-M2
OPENJPA-1281,2.0.0-M2
OPENJPA-1283,2.0.0-M2
OPENJPA-1284,1.1.0;1.0.3;1.2.0;2.0.0-M1;1.2.1;2.0.0-M2
OPENJPA-1286,2.0.0-M2
OPENJPA-1289,2.0.0-M3;1.2.2
OPENJPA-1293,2.0.0-M3;1.2.2
OPENJPA-1294,2.0.0-M3
OPENJPA-1295,1.1.0;1.0.3;1.2.0;2.0.0-M1;1.2.1;2.0.0-M2
OPENJPA-1302,1.1.0;1.0.3;1.2.0;2.0.0-M1;1.2.1;2.0.0-M2
OPENJPA-1308,1.0.3;1.2.0;2.0.0-M1;1.2.1;2.0.0-M2;2.0.0-M3
OPENJPA-132,0.9.6
OPENJPA-1321,1.2.1;2.0.0-M2
OPENJPA-1325,2.0.0-M3;1.2.2
OPENJPA-1326,1.2.1;2.0.0-M2;2.0.0-M3
OPENJPA-1328,1.2.0;2.0.0-M1;1.2.1;2.0.0-M2;2.0.0-M3
OPENJPA-133,0.9.6
OPENJPA-1335,2.0.0-M2;2.0.0-M3;1.2.2
OPENJPA-134,0.9.6
OPENJPA-1344,2.0.0-M2;2.0.0-M3
OPENJPA-1350,1.0.3;1.2.0;2.0.0-M1;1.2.1;2.0.0-M2;2.0.0-M3;1.2.2
OPENJPA-1351,2.0.0-M3
OPENJPA-1352,2.0.0-M3
OPENJPA-1354,2.0.0-M3
OPENJPA-1360,1.2.2
OPENJPA-1367,2.0.0-M1;1.2.1;2.0.0-M2;2.0.0-M3;1.2.2
OPENJPA-1370,2.0.0-M3
OPENJPA-1371,2.0.0-M3;1.2.2
OPENJPA-1372,1.2.1;2.0.0-M2;2.0.0-M3;1.2.2
OPENJPA-1375,2.0.0-M3
OPENJPA-1376,1.2.1;2.0.0-M2;2.0.0-M3;1.2.2
OPENJPA-1377,2.0.0-M3
OPENJPA-1379,2.0.0-M3
OPENJPA-1380,1.2.1;2.0.0-M2;2.0.0-M3
OPENJPA-1383,2.0.0-M2;2.0.0-M3
OPENJPA-1384,1.2.1;2.0.0-M2;2.0.0-M3
OPENJPA-1385,2.0.0-M3
OPENJPA-1386,2.0.0-M3
OPENJPA-1387,2.0.0-M3;1.2.2
OPENJPA-139,0.9.6
OPENJPA-1390,2.0.0-M3
OPENJPA-1391,2.0.0-M3
OPENJPA-1392,2.0.0-M3
OPENJPA-1393,2.0.0-M3
OPENJPA-1394,2.0.0-M3
OPENJPA-1396,2.0.0-M3
OPENJPA-1397,1.2.1;2.0.0-M2;2.0.0-M3
OPENJPA-140,0.9.6
OPENJPA-1400,1.2.1;2.0.0-M2;2.0.0-M3
OPENJPA-1401,2.0.0-M3
OPENJPA-1407,1.1.0;1.0.3;1.2.0;2.0.0-M1;1.2.1;2.0.0-M2;2.0.0-M3
OPENJPA-1409,2.0.0-M3;1.2.2
OPENJPA-1410,2.0.0-M3;1.2.2
OPENJPA-1413,2.0.0-M3
OPENJPA-142,0.9.6
OPENJPA-1424,1.2.1;2.0.0-M2;2.0.0-M3;1.2.2
OPENJPA-1425,2.0.0-M3;1.2.2
OPENJPA-143,0.9.7
OPENJPA-1431,2.0.0-M3
OPENJPA-1432,2.0.0-M3;1.2.2
OPENJPA-1435,2.0.0-M3
OPENJPA-144,0.9.6
OPENJPA-1442,2.0.0-M3
OPENJPA-1452,2.0.0-M3
OPENJPA-1454,2.0.0-M3;1.2.2
OPENJPA-1458,2.0.0-M3;1.2.2
OPENJPA-146,0.9.6
OPENJPA-1460,2.0.0-M3;1.2.2
OPENJPA-1461,2.0.0-M3
OPENJPA-1463,2.0.0-M3
OPENJPA-1464,2.0.0-M3;1.2.2
OPENJPA-1467,2.0.0-M1;1.2.1;2.0.0-M2;2.0.0-M3;1.2.2
OPENJPA-1477,1.2.2
OPENJPA-1478,2.0.0-M3;1.2.2
OPENJPA-148,0.9.7
OPENJPA-1482,2.0.0-M3;1.2.2
OPENJPA-150,0.9.6
OPENJPA-1500,1.0.3;1.2.0;2.0.0-M1;1.2.1;2.0.0-M2;2.0.0-M3;1.2.2
OPENJPA-1501,1.2.2
OPENJPA-1509,2.0.0-M3;1.2.2
OPENJPA-1535,1.1.0;1.0.3;1.2.0;2.0.0-M1;1.2.1;2.0.0-M2;2.0.0-M3;1.2.2
OPENJPA-154,0.9.6
OPENJPA-1547,1.2.2
OPENJPA-155,0.9.6
OPENJPA-1550,1.2.2
OPENJPA-1565,2.0.0-M1;1.2.1;2.0.0-M2;2.0.0-M3;1.2.2
OPENJPA-1569,1.2.2
OPENJPA-157,0.9.6
OPENJPA-1583,2.0.0-M3;1.2.2
OPENJPA-1590,2.0.0-M3;1.2.2
OPENJPA-16,0.9.6
OPENJPA-162,0.9.6
OPENJPA-1626,1.1.0;1.0.3;1.2.0;2.0.0-M1;1.2.1;2.0.0-M2;2.0.0-M3;1.2.2
OPENJPA-1630,1.2.2
OPENJPA-1631,1.2.2
OPENJPA-1644,1.2.2
OPENJPA-1646,1.2.2
OPENJPA-165,0.9.7
OPENJPA-1668,1.0.3;1.2.0;2.0.0-M1;1.2.1;2.0.0-M2;2.0.0-M3;1.2.2
OPENJPA-1670,1.2.2
OPENJPA-1678,1.1.0;1.0.3;1.2.0;2.0.0-M1;1.2.1;2.0.0-M2;2.0.0-M3;1.2.2
OPENJPA-1691,1.2.2
OPENJPA-1695,1.1.0;1.0.3;1.2.0;2.0.0-M1;1.2.1;2.0.0-M2;2.0.0-M3;1.2.2
OPENJPA-1702,1.2.0;2.0.0-M1;1.2.1;2.0.0-M2;2.0.0-M3;1.2.2
OPENJPA-1704,1.2.2
OPENJPA-1713,1.1.0;1.0.3;1.2.0;2.0.0-M1;1.2.1;2.0.0-M2;2.0.0-M3;1.2.2
OPENJPA-1725,1.2.2
OPENJPA-173,0.9.6;0.9.7
OPENJPA-174,0.9.6
OPENJPA-1743,1.2.2
OPENJPA-1746,1.2.2
OPENJPA-175,0.9.6
OPENJPA-177,0.9.6;0.9.7
OPENJPA-179,0.9.6
OPENJPA-180,0.9.6;0.9.7;1.0.0;1.0.1;1.0.2;1.1.0;1.0.3;1.2.0
OPENJPA-1814,1.2.2
OPENJPA-185,0.9.6
OPENJPA-1874,1.2.2
OPENJPA-1905,1.2.0;2.0.0-M1;1.2.1;2.0.0-M2;2.0.0-M3;1.2.2
OPENJPA-1911,1.2.2
OPENJPA-1928,1.2.1;2.0.0-M2;2.0.0-M3;1.2.2
OPENJPA-1939,1.2.2
OPENJPA-1944,1.2.2
OPENJPA-1954,1.2.2
OPENJPA-1957,1.2.2
OPENJPA-1958,1.2.2
OPENJPA-1959,1.2.2
OPENJPA-1970,1.1.0;1.0.3;1.2.0;2.0.0-M1;1.2.1;2.0.0-M2;2.0.0-M3;1.2.2
OPENJPA-1979,2.0.0-M1;1.2.1;2.0.0-M2;2.0.0-M3;1.2.2
OPENJPA-199,0.9.7
OPENJPA-1993,1.0.0;1.0.1;1.0.2;1.1.0;1.0.3;1.2.0;2.0.0-M1;1.2.1;2.0.0-M2;2.0.0-M3;1.2.2
OPENJPA-20,0.9.6;0.9.7;1.0.0;1.0.1;1.0.2;1.1.0;1.0.3
OPENJPA-200,0.9.7;1.0.0;1.0.1
OPENJPA-2006,1.2.2
OPENJPA-2009,1.2.2
OPENJPA-2015,1.2.2
OPENJPA-203,0.9.6;0.9.7
OPENJPA-2066,1.1.0;1.0.3;1.2.0;2.0.0-M1;1.2.1;2.0.0-M2;2.0.0-M3;1.2.2
OPENJPA-207,0.9.6;0.9.7;1.0.0;1.0.1;1.0.2;1.1.0;1.0.3;1.2.0;2.0.0-M1;1.2.1
OPENJPA-2072,1.2.1;2.0.0-M2;2.0.0-M3;1.2.2
OPENJPA-208,0.9.6
OPENJPA-209,0.9.7;1.0.0;1.0.1;1.0.2;1.1.0
OPENJPA-21,0.9.6
OPENJPA-210,0.9.7;1.0.0;1.0.1;1.0.2;1.1.0
OPENJPA-2110,1.2.2
OPENJPA-218,0.9.6;0.9.7;1.0.0;1.0.1;1.0.2;1.1.0;1.0.3;1.2.0;2.0.0-M1;1.2.1
OPENJPA-219,0.9.6
OPENJPA-22,0.9.6
OPENJPA-220,0.9.7;1.0.0;1.0.1;1.0.2;1.1.0;1.0.3
OPENJPA-2212,1.0.3;1.2.0;2.0.0-M1;1.2.1;2.0.0-M2;2.0.0-M3;1.2.2
OPENJPA-222,0.9.7
OPENJPA-228,0.9.6
OPENJPA-229,0.9.6
OPENJPA-23,0.9.6
OPENJPA-230,0.9.6;0.9.7
OPENJPA-231,0.9.7;1.0.0;1.0.1;1.0.2
OPENJPA-233,0.9.7
OPENJPA-237,0.9.7
OPENJPA-24,0.9.6
OPENJPA-241,1.0.0;1.0.1;1.0.2;1.1.0
OPENJPA-245,0.9.6;0.9.7;1.0.0;1.0.1
OPENJPA-248,0.9.7
OPENJPA-25,0.9.6
OPENJPA-251,0.9.7;1.0.0;1.0.1
OPENJPA-255,0.9.7;1.0.0;1.0.1;1.0.2
OPENJPA-256,0.9.7
OPENJPA-258,0.9.6;0.9.7;1.0.0;1.0.1
OPENJPA-261,0.9.7
OPENJPA-2616,1.0.0;1.0.1;1.0.2;1.1.0;1.0.3;1.2.0;2.0.0-M1;1.2.1;2.0.0-M2;2.0.0-M3;1.2.2
OPENJPA-2645,1.1.0;1.0.3;1.2.0;2.0.0-M1;1.2.1;2.0.0-M2;2.0.0-M3;1.2.2
OPENJPA-269,0.9.7
OPENJPA-272,0.9.7
OPENJPA-274,0.9.6;0.9.7
OPENJPA-278,0.9.6;0.9.7
OPENJPA-28,0.9.6;0.9.7;1.0.0;1.0.1;1.0.2;1.1.0;1.0.3
OPENJPA-281,0.9.7
OPENJPA-282,0.9.7;1.0.0
OPENJPA-283,0.9.7
OPENJPA-286,0.9.7;1.0.0;1.0.1;1.0.2;1.1.0
OPENJPA-287,0.9.7
OPENJPA-295,0.9.6;0.9.7
OPENJPA-296,0.9.6;0.9.7
OPENJPA-303,0.9.7
OPENJPA-304,0.9.7
OPENJPA-308,0.9.6;0.9.7
OPENJPA-311,0.9.6;0.9.7
OPENJPA-313,0.9.7
OPENJPA-314,0.9.7
OPENJPA-315,0.9.7;1.0.0
OPENJPA-320,0.9.7
OPENJPA-321,0.9.7
OPENJPA-325,0.9.6;0.9.7
OPENJPA-326,0.9.7;1.0.0
OPENJPA-327,1.0.0;1.0.1;1.0.2;1.1.0;1.0.3;1.2.0;2.0.0-M1;1.2.1;2.0.0-M2
OPENJPA-329,0.9.7;1.0.0;1.0.1
OPENJPA-331,0.9.7;1.0.0;1.0.1
OPENJPA-335,1.0.0
OPENJPA-339,0.9.7;1.0.0
OPENJPA-340,0.9.7;1.0.0;1.0.1;1.0.2;1.1.0
OPENJPA-343,0.9.7;1.0.0
OPENJPA-345,0.9.6;0.9.7;1.0.0;1.0.1;1.0.2;1.1.0;1.0.3;1.2.0;2.0.0-M1;1.2.1;2.0.0-M2;2.0.0-M3;1.2.2
OPENJPA-346,1.0.0
OPENJPA-347,1.0.0
OPENJPA-349,1.0.0;1.0.1;1.0.2;1.1.0
OPENJPA-35,0.9.6
OPENJPA-353,1.0.0
OPENJPA-354,0.9.6;0.9.7;1.0.0;1.0.1;1.0.2;1.1.0;1.0.3;1.2.0;2.0.0-M1;1.2.1
OPENJPA-355,1.0.0
OPENJPA-356,0.9.6;0.9.7;1.0.0
OPENJPA-357,0.9.7;1.0.0
OPENJPA-358,0.9.7;1.0.0
OPENJPA-359,1.0.0;1.0.1;1.0.2
OPENJPA-360,1.0.0
OPENJPA-361,1.0.0
OPENJPA-363,0.9.6;0.9.7;1.0.0
OPENJPA-365,0.9.7;1.0.0;1.0.1;1.0.2;1.1.0
OPENJPA-366,1.0.0;1.0.1
OPENJPA-367,1.0.0
OPENJPA-368,0.9.7;1.0.0
OPENJPA-369,1.0.0
OPENJPA-375,1.0.0
OPENJPA-378,1.0.0
OPENJPA-379,0.9.6;0.9.7;1.0.0
OPENJPA-380,0.9.6;0.9.7;1.0.0
OPENJPA-382,0.9.6;0.9.7;1.0.0;1.0.1;1.0.2;1.1.0;1.0.3;1.2.0;2.0.0-M1;1.2.1;2.0.0-M2;2.0.0-M3;1.2.2
OPENJPA-385,1.0.0
OPENJPA-386,0.9.7;1.0.0;1.0.1;1.0.2;1.1.0;1.0.3;1.2.0;2.0.0-M1;1.2.1;2.0.0-M2
OPENJPA-387,1.0.0
OPENJPA-388,1.0.0
OPENJPA-389,1.0.0
OPENJPA-392,0.9.6;0.9.7;1.0.0;1.0.1;1.0.2
OPENJPA-393,1.0.0;1.0.1;1.0.2;1.1.0;1.0.3
OPENJPA-395,1.0.0
OPENJPA-396,1.0.0
OPENJPA-397,1.0.0
OPENJPA-399,1.0.1
OPENJPA-401,1.0.0;1.0.1
OPENJPA-405,1.0.0
OPENJPA-409,1.0.0
OPENJPA-41,0.9.6
OPENJPA-410,1.0.0
OPENJPA-413,1.0.0
OPENJPA-416,0.9.6;0.9.7;1.0.0
OPENJPA-419,0.9.6;0.9.7;1.0.0;1.0.1
OPENJPA-420,1.0.0;1.0.1
OPENJPA-421,1.0.0
OPENJPA-422,1.0.0
OPENJPA-423,0.9.6;0.9.7;1.0.0
OPENJPA-424,1.0.0;1.0.1;1.0.2;1.1.0;1.0.3
OPENJPA-425,1.0.0;1.0.1;1.0.2;1.1.0;1.0.3
OPENJPA-427,1.0.0;1.0.1
OPENJPA-428,1.0.0;1.0.1;1.0.2;1.1.0;1.0.3;1.2.0;2.0.0-M1;1.2.1;2.0.0-M2;2.0.0-M3;1.2.2
OPENJPA-429,1.1.0;1.0.3;1.2.0;2.0.0-M1;1.2.1;2.0.0-M2;2.0.0-M3;1.2.2
OPENJPA-434,1.0.0;1.0.1;1.0.2;1.1.0;1.0.3
OPENJPA-437,1.0.0;1.0.1
OPENJPA-438,1.0.0;1.0.1;1.0.2;1.1.0;1.0.3
OPENJPA-439,0.9.6;0.9.7;1.0.0;1.0.1
OPENJPA-44,0.9.6;0.9.7;1.0.0;1.0.1;1.0.2;1.1.0;1.0.3
OPENJPA-440,1.0.0;1.0.1
OPENJPA-446,1.0.1
OPENJPA-452,1.0.1
OPENJPA-455,1.0.0;1.0.1
OPENJPA-457,0.9.7;1.0.0;1.0.1;1.0.2;1.1.0;1.0.3
OPENJPA-458,1.0.1;1.0.2;1.1.0
OPENJPA-459,1.0.0;1.0.1;1.0.2;1.1.0;1.0.3;1.2.0;2.0.0-M1;1.2.1;2.0.0-M2;2.0.0-M3
OPENJPA-46,0.9.6
OPENJPA-462,0.9.7;1.0.0;1.0.1;1.0.2;1.1.0
OPENJPA-466,1.0.0;1.0.1;1.0.2;1.1.0;1.0.3;1.2.0;2.0.0-M1;1.2.1;2.0.0-M2;2.0.0-M3
OPENJPA-470,0.9.6;0.9.7;1.0.0;1.0.1;1.0.2;1.1.0
OPENJPA-471,1.0.1
OPENJPA-472,1.0.1
OPENJPA-478,1.2.2
OPENJPA-48,0.9.6
OPENJPA-481,1.1.0;1.0.3
OPENJPA-484,1.0.1;1.0.2
OPENJPA-485,1.0.1;1.0.2;1.1.0;1.0.3
OPENJPA-489,1.0.0;1.0.1
OPENJPA-493,1.0.0;1.0.1;1.0.2;1.1.0;1.0.3;1.2.0
OPENJPA-494,1.0.0;1.0.1;1.0.2;1.1.0
OPENJPA-495,1.0.1;1.0.2;1.1.0
OPENJPA-497,1.0.1;1.0.2;1.1.0;1.0.3
OPENJPA-50,0.9.6
OPENJPA-504,1.0.1;1.0.2
OPENJPA-508,1.0.0;1.0.1
OPENJPA-509,1.0.1;1.0.2;1.1.0
OPENJPA-51,1.0.0;1.0.1;1.0.2;1.1.0
OPENJPA-511,1.0.1
OPENJPA-512,0.9.6;0.9.7;1.0.0;1.0.1;1.0.2
OPENJPA-516,1.0.0;1.0.1
OPENJPA-518,1.0.1;1.0.2
OPENJPA-524,1.0.2;1.1.0
OPENJPA-525,1.0.0;1.0.1;1.0.2;1.1.0;1.0.3;1.2.0;2.0.0-M1;1.2.1;2.0.0-M2
OPENJPA-526,1.0.0;1.0.1;1.0.2;1.1.0;1.0.3;1.2.0;2.0.0-M1;1.2.1;2.0.0-M2;2.0.0-M3;1.2.2
OPENJPA-527,1.0.2;1.1.0
OPENJPA-528,1.0.2
OPENJPA-53,0.9.6
OPENJPA-533,1.0.0;1.0.1;1.0.2;1.1.0
OPENJPA-535,1.0.2
OPENJPA-536,1.0.2
OPENJPA-537,1.0.0;1.0.1;1.0.2
OPENJPA-54,0.9.6
OPENJPA-540,1.0.0;1.0.1;1.0.2
OPENJPA-542,1.0.0;1.0.1;1.0.2
OPENJPA-543,1.0.0;1.0.1;1.0.2
OPENJPA-547,1.0.2
OPENJPA-550,1.0.2;1.1.0;1.0.3
OPENJPA-552,1.0.2
OPENJPA-554,1.0.2
OPENJPA-557,1.0.2;1.1.0;1.0.3;1.2.0
OPENJPA-56,0.9.6
OPENJPA-565,1.0.2
OPENJPA-566,1.0.2;1.1.0
OPENJPA-567,1.0.2
OPENJPA-573,1.0.2;1.1.0;1.0.3;1.2.0;2.0.0-M1;1.2.1
OPENJPA-574,1.1.0
OPENJPA-576,1.0.2
OPENJPA-580,1.0.1;1.0.2;1.1.0;1.0.3;1.2.0
OPENJPA-581,1.1.0
OPENJPA-586,1.1.0
OPENJPA-588,1.0.2
OPENJPA-589,1.0.2
OPENJPA-590,1.0.2
OPENJPA-594,1.0.1;1.0.2
OPENJPA-596,1.1.0
OPENJPA-60,0.9.6
OPENJPA-602,1.1.0
OPENJPA-605,1.0.2
OPENJPA-607,1.1.0
OPENJPA-61,0.9.6;0.9.7
OPENJPA-612,1.1.0
OPENJPA-614,1.1.0
OPENJPA-617,1.1.0
OPENJPA-618,1.1.0
OPENJPA-619,1.1.0;1.0.3
OPENJPA-62,0.9.6
OPENJPA-622,1.1.0
OPENJPA-625,1.1.0
OPENJPA-628,1.1.0;1.0.3
OPENJPA-630,1.0.2;1.1.0
OPENJPA-632,1.0.1;1.0.2;1.1.0
OPENJPA-640,1.0.2;1.1.0;1.0.3;1.2.0;2.0.0-M1;1.2.1;2.0.0-M2;2.0.0-M3;1.2.2
OPENJPA-642,1.1.0
OPENJPA-645,1.1.0
OPENJPA-646,1.2.0
OPENJPA-647,1.1.0
OPENJPA-650,1.0.2;1.1.0;1.0.3;1.2.0
OPENJPA-654,1.1.0
OPENJPA-657,1.1.0
OPENJPA-659,1.1.0
OPENJPA-660,1.0.0;1.0.1;1.0.2;1.1.0;1.0.3
OPENJPA-662,1.1.0;1.0.3
OPENJPA-664,1.0.3
OPENJPA-665,1.0.3
OPENJPA-669,0.9.6;0.9.7;1.0.0;1.0.1;1.0.2;1.1.0;1.0.3
OPENJPA-674,1.0.3
OPENJPA-676,1.2.0;2.0.0-M1
OPENJPA-677,1.1.0;1.0.3;1.2.0;2.0.0-M1;1.2.1;2.0.0-M2;2.0.0-M3;1.2.2
OPENJPA-678,1.1.0;1.0.3;1.2.0
OPENJPA-679,1.1.0;1.0.3;1.2.0;2.0.0-M1;1.2.1
OPENJPA-680,1.2.0;2.0.0-M1;1.2.1;2.0.0-M2;2.0.0-M3;1.2.2
OPENJPA-685,1.2.0
OPENJPA-692,1.2.0
OPENJPA-693,1.2.0
OPENJPA-695,1.2.0
OPENJPA-696,1.0.0;1.0.1;1.0.2;1.1.0;1.0.3;1.2.0;2.0.0-M1;1.2.1;2.0.0-M2;2.0.0-M3;1.2.2
OPENJPA-698,1.2.0
OPENJPA-699,1.0.0;1.0.1;1.0.2;1.1.0;1.0.3;1.2.0
OPENJPA-705,1.2.0
OPENJPA-71,0.9.6
OPENJPA-710,1.0.0;1.0.1;1.0.2;1.1.0;1.0.3;1.2.0
OPENJPA-711,1.2.0
OPENJPA-713,1.0.3;1.2.0
OPENJPA-714,1.1.0;1.0.3;1.2.0;2.0.0-M1;1.2.1;2.0.0-M2;2.0.0-M3
OPENJPA-715,1.0.0;1.0.1;1.0.2;1.1.0;1.0.3;1.2.0
OPENJPA-719,1.1.0;1.0.3;1.2.0
OPENJPA-724,1.2.0
OPENJPA-727,1.2.0
OPENJPA-731,1.2.0
OPENJPA-733,1.2.0
OPENJPA-740,1.2.0;2.0.0-M1;1.2.1;2.0.0-M2;2.0.0-M3;1.2.2
OPENJPA-743,1.2.0
OPENJPA-745,1.2.0
OPENJPA-748,1.2.0;2.0.0-M1;1.2.1;2.0.0-M2;2.0.0-M3;1.2.2
OPENJPA-75,0.9.6;0.9.7;1.0.0;1.0.1;1.0.2;1.1.0;1.0.3
OPENJPA-755,1.2.0
OPENJPA-761,1.1.0;1.0.3;1.2.0
OPENJPA-762,1.2.0
OPENJPA-764,1.2.0
OPENJPA-77,0.9.6
OPENJPA-774,1.1.0;1.0.3;1.2.0;2.0.0-M1;1.2.1;2.0.0-M2;2.0.0-M3;1.2.2
OPENJPA-777,1.2.0
OPENJPA-789,2.0.0-M2;2.0.0-M3
OPENJPA-795,1.2.0
OPENJPA-797,2.0.0-M2;2.0.0-M3;1.2.2
OPENJPA-80,0.9.6
OPENJPA-811,1.2.0;2.0.0-M1
OPENJPA-815,1.2.0
OPENJPA-820,2.0.0-M2;2.0.0-M3;1.2.2
OPENJPA-824,1.2.0
OPENJPA-825,2.0.0-M2
OPENJPA-828,0.9.7;1.0.0;1.0.1;1.0.2;1.1.0;1.0.3;1.2.0;2.0.0-M1;1.2.1;2.0.0-M2;2.0.0-M3;1.2.2
OPENJPA-83,0.9.6;0.9.7
OPENJPA-835,1.2.0
OPENJPA-836,1.2.0
OPENJPA-838,1.2.0;2.0.0-M1
OPENJPA-844,1.1.0;1.0.3;1.2.0;2.0.0-M1;1.2.1;2.0.0-M2;2.0.0-M3;1.2.2
OPENJPA-845,1.2.0;2.0.0-M1
OPENJPA-853,1.2.0
OPENJPA-859,2.0.0-M2;2.0.0-M3
OPENJPA-86,0.9.6;0.9.7
OPENJPA-860,1.2.0
OPENJPA-862,1.2.0;2.0.0-M1;1.2.1
OPENJPA-863,1.2.0
OPENJPA-864,1.0.3;1.2.0
OPENJPA-866,1.2.0;2.0.0-M1
OPENJPA-867,1.2.0;2.0.0-M1;1.2.1;2.0.0-M2;2.0.0-M3;1.2.2
OPENJPA-872,1.2.0
OPENJPA-873,1.2.0;2.0.0-M1
OPENJPA-883,1.2.0;2.0.0-M1;1.2.1
OPENJPA-884,1.2.0;2.0.0-M1
OPENJPA-887,2.0.0-M1;1.2.1
OPENJPA-890,1.1.0;1.0.3;1.2.0;2.0.0-M1;1.2.1;2.0.0-M2
OPENJPA-896,1.1.0;1.0.3;1.2.0;2.0.0-M1;1.2.1
OPENJPA-898,1.2.0;2.0.0-M1
OPENJPA-9,0.9.6;0.9.7;1.0.0;1.0.1
OPENJPA-90,0.9.6
OPENJPA-91,0.9.6;0.9.7;1.0.0;1.0.1;1.0.2;1.1.0;1.0.3;1.2.0
OPENJPA-912,1.2.0;2.0.0-M1
OPENJPA-913,1.2.0;2.0.0-M1
OPENJPA-916,1.1.0;1.0.3;1.2.0;2.0.0-M1
OPENJPA-917,1.2.0;2.0.0-M1
OPENJPA-922,1.2.0;2.0.0-M1;1.2.1;2.0.0-M2;2.0.0-M3;1.2.2
OPENJPA-925,1.2.0;2.0.0-M1
OPENJPA-932,1.2.0;2.0.0-M1;1.2.1;2.0.0-M2
OPENJPA-933,1.2.0;2.0.0-M1;1.2.1
OPENJPA-934,2.0.0-M2
OPENJPA-935,1.2.0;2.0.0-M1;1.2.1;2.0.0-M2;2.0.0-M3;1.2.2
OPENJPA-940,1.2.0;2.0.0-M1;1.2.1;2.0.0-M2;2.0.0-M3;1.2.2
OPENJPA-944,1.0.0;1.0.1;1.0.2;1.1.0;1.0.3;1.2.0;2.0.0-M1;1.2.1;2.0.0-M2;2.0.0-M3;1.2.2
OPENJPA-947,1.1.0;1.0.3;1.2.0;2.0.0-M1;1.2.1
OPENJPA-951,1.2.1
OPENJPA-955,1.2.0;2.0.0-M1
OPENJPA-970,1.2.0;2.0.0-M1
OPENJPA-973,2.0.0-M1;1.2.1;2.0.0-M2
OPENJPA-98,0.9.6
OPENJPA-981,1.2.1
OPENJPA-993,1.2.0;2.0.0-M1;1.2.1;2.0.0-M2;2.0.0-M3
